partition,# samples,observed CVR,predicted CVR,pred/obs CVR
train,800,9.6250000000000002e-02,7.0000000000000007e-02,7.2727272727272729e-01
test,200,1.2500000000000003e-01,4.4999999999999998e-02,3.5999999999999993e-01
