partition,# samples chosen,observed CVR,# samples recommended,predicted CVR,pred/obs CVR
train,398,1.0552763819095477e-01,398,7.5376884422110546e-02,7.1428571428571419e-01
test,99,1.1111111111111110e-01,99,4.0404040404040407e-02,3.6363636363636370e-01
