partition,# samples chosen,observed CVR,# samples recommended,predicted CVR,pred/obs CVR
train,402,8.7064676616915429e-02,402,6.4676616915422883e-02,7.4285714285714277e-01
test,101,1.3861386138613863e-01,101,4.9504950495049507e-02,3.5714285714285715e-01
